"filename", "language", "JavaScript", "SCSS", "Vue", "comment", "blank", "total"
"e:\Projects\sittracker\Frontend\src\App.vue", "Vue", 0, 0, 10, 0, 2, 12
"e:\Projects\sittracker\Frontend\src\api\auth.js", "JavaScript", 20, 0, 0, 0, 4, 24
"e:\Projects\sittracker\Frontend\src\api\client.js", "JavaScript", 64, 0, 0, 1, 13, 78
"e:\Projects\sittracker\Frontend\src\api\company.js", "JavaScript", 20, 0, 0, 0, 4, 24
"e:\Projects\sittracker\Frontend\src\api\customers.js", "JavaScript", 16, 0, 0, 0, 4, 20
"e:\Projects\sittracker\Frontend\src\api\customization.js", "JavaScript", 16, 0, 0, 0, 4, 20
"e:\Projects\sittracker\Frontend\src\api\estimate.js", "JavaScript", 12, 0, 0, 0, 4, 16
"e:\Projects\sittracker\Frontend\src\api\index.js", "JavaScript", 21, 0, 0, 0, 3, 24
"e:\Projects\sittracker\Frontend\src\api\items.js", "JavaScript", 16, 0, 0, 0, 4, 20
"e:\Projects\sittracker\Frontend\src\api\profile.js", "JavaScript", 16, 0, 0, 0, 4, 20
"e:\Projects\sittracker\Frontend\src\api\tax.js", "JavaScript", 26, 0, 0, 0, 4, 30
"e:\Projects\sittracker\Frontend\src\api\users.js", "JavaScript", 26, 0, 0, 0, 4, 30
"e:\Projects\sittracker\Frontend\src\components\AvatarCropper.vue", "Vue", 0, 0, 176, 1, 17, 194
"e:\Projects\sittracker\Frontend\src\components\billing\BillAddItem.vue", "Vue", 0, 0, 147, 2, 8, 157
"e:\Projects\sittracker\Frontend\src\components\billing\BillItem.vue", "Vue", 0, 0, 155, 2, 11, 168
"e:\Projects\sittracker\Frontend\src\components\billing\BillItemDropdown.vue", "Vue", 0, 0, 147, 0, 21, 168
"e:\Projects\sittracker\Frontend\src\components\billing\BillItems.vue", "Vue", 0, 0, 150, 2, 13, 165
"e:\Projects\sittracker\Frontend\src\components\billing\BillTaxDropdown.vue", "Vue", 0, 0, 118, 0, 12, 130
"e:\Projects\sittracker\Frontend\src\components\billing\CustomerDropdown.vue", "Vue", 0, 0, 148, 0, 19, 167
"e:\Projects\sittracker\Frontend\src\components\layouts\AuthenticatedLayout.vue", "Vue", 0, 0, 71, 2, 11, 84
"e:\Projects\sittracker\Frontend\src\components\layouts\NotAuthenticatedLayout.vue", "Vue", 0, 0, 10, 0, 2, 12
"e:\Projects\sittracker\Frontend\src\components\modals\AddCustomerModal.vue", "Vue", 0, 0, 182, 0, 8, 190
"e:\Projects\sittracker\Frontend\src\components\modals\AddItemModal.vue", "Vue", 0, 0, 89, 1, 9, 99
"e:\Projects\sittracker\Frontend\src\components\modals\AddTaxModal.vue", "Vue", 0, 0, 94, 0, 13, 107
"e:\Projects\sittracker\Frontend\src\components\partials\Tabs\CompanyTab.vue", "Vue", 0, 0, 171, 0, 11, 182
"e:\Projects\sittracker\Frontend\src\components\partials\Tabs\CustomizationTab.vue", "Vue", 0, 0, 88, 0, 7, 95
"e:\Projects\sittracker\Frontend\src\components\partials\Tabs\ProfileTab.vue", "Vue", 0, 0, 93, 0, 4, 97
"e:\Projects\sittracker\Frontend\src\components\partials\TheNavigation.vue", "Vue", 0, 0, 131, 0, 17, 148
"e:\Projects\sittracker\Frontend\src\components\partials\TheSidebar.vue", "Vue", 0, 0, 159, 0, 23, 182
"e:\Projects\sittracker\Frontend\src\components\ui\BaseButton.vue", "Vue", 0, 0, 55, 19, 2, 76
"e:\Projects\sittracker\Frontend\src\components\ui\BaseCard.vue", "Vue", 0, 0, 57, 0, 7, 64
"e:\Projects\sittracker\Frontend\src\components\ui\BaseDivider.vue", "Vue", 0, 0, 16, 4, 3, 23
"e:\Projects\sittracker\Frontend\src\components\ui\BaseTextEditor.vue", "Vue", 0, 0, 341, 3, 36, 380
"e:\Projects\sittracker\Frontend\src\components\ui\form\BaseFormGroup.vue", "Vue", 0, 0, 139, 41, 3, 183
"e:\Projects\sittracker\Frontend\src\components\ui\form\BaseInput.vue", "Vue", 0, 0, 69, 19, 3, 91
"e:\Projects\sittracker\Frontend\src\components\ui\helpers\Can.vue", "Vue", 0, 0, 23, 0, 3, 26
"e:\Projects\sittracker\Frontend\src\components\ui\tab\Tab.vue", "Vue", 0, 0, 25, 0, 2, 27
"e:\Projects\sittracker\Frontend\src\components\ui\tab\Tabs.vue", "Vue", 0, 0, 82, 3, 10, 95
"e:\Projects\sittracker\Frontend\src\helpers\directives.js", "JavaScript", 14, 0, 0, 1, 2, 17
"e:\Projects\sittracker\Frontend\src\helpers\filters.js", "JavaScript", 0, 0, 0, 0, 1, 1
"e:\Projects\sittracker\Frontend\src\helpers\utils.js", "JavaScript", 11, 0, 0, 11, 4, 26
"e:\Projects\sittracker\Frontend\src\main.js", "JavaScript", 99, 0, 0, 0, 11, 110
"e:\Projects\sittracker\Frontend\src\pages\CreateCustomerPage.vue", "Vue", 0, 0, 160, 0, 9, 169
"e:\Projects\sittracker\Frontend\src\pages\CreateEstimatePage.vue", "Vue", 0, 0, 257, 5, 18, 280
"e:\Projects\sittracker\Frontend\src\pages\DashboardPage.vue", "Vue", 0, 0, 10, 0, 2, 12
"e:\Projects\sittracker\Frontend\src\pages\ProfilePage.vue", "Vue", 0, 0, 23, 0, 3, 26
"e:\Projects\sittracker\Frontend\src\pages\auth\LoginPage.vue", "Vue", 0, 0, 145, 0, 21, 166
"e:\Projects\sittracker\Frontend\src\pages\auth\SignUpPage.vue", "Vue", 0, 0, 246, 0, 19, 265
"e:\Projects\sittracker\Frontend\src\pages\items\CreateItemPage.vue", "Vue", 0, 0, 116, 0, 5, 121
"e:\Projects\sittracker\Frontend\src\pages\items\Items.vue", "Vue", 0, 0, 8, 0, 2, 10
"e:\Projects\sittracker\Frontend\src\pages\users\AddUserPage.vue", "Vue", 0, 0, 123, 0, 6, 129
"e:\Projects\sittracker\Frontend\src\pages\users\EditUserPage.vue", "Vue", 0, 0, 134, 0, 10, 144
"e:\Projects\sittracker\Frontend\src\pages\users\UsersPage.vue", "Vue", 0, 0, 87, 0, 5, 92
"e:\Projects\sittracker\Frontend\src\router\index.js", "JavaScript", 102, 0, 0, 1, 12, 115
"e:\Projects\sittracker\Frontend\src\router\middlewarePipeline.js", "JavaScript", 11, 0, 0, 0, 4, 15
"e:\Projects\sittracker\Frontend\src\router\middleware\auth.js", "JavaScript", 8, 0, 0, 0, 2, 10
"e:\Projects\sittracker\Frontend\src\router\modules\items.js", "JavaScript", 16, 0, 0, 3, 4, 23
"e:\Projects\sittracker\Frontend\src\router\modules\users.js", "JavaScript", 40, 0, 0, 3, 4, 47
"e:\Projects\sittracker\Frontend\src\store\index.js", "JavaScript", 35, 0, 0, 0, 6, 41
"e:\Projects\sittracker\Frontend\src\store\modules\auth\actions.js", "JavaScript", 38, 0, 0, 1, 7, 46
"e:\Projects\sittracker\Frontend\src\store\modules\auth\getters.js", "JavaScript", 8, 0, 0, 0, 1, 9
"e:\Projects\sittracker\Frontend\src\store\modules\auth\index.js", "JavaScript", 16, 0, 0, 0, 2, 18
"e:\Projects\sittracker\Frontend\src\store\modules\auth\mutations.js", "JavaScript", 9, 0, 0, 0, 2, 11
"e:\Projects\sittracker\Frontend\src\store\modules\customers\actions.js", "JavaScript", 8, 0, 0, 0, 3, 11
"e:\Projects\sittracker\Frontend\src\store\modules\customers\getters.js", "JavaScript", 8, 0, 0, 0, 1, 9
"e:\Projects\sittracker\Frontend\src\store\modules\customers\index.js", "JavaScript", 14, 0, 0, 0, 2, 16
"e:\Projects\sittracker\Frontend\src\store\modules\customers\mutations.js", "JavaScript", 6, 0, 0, 0, 2, 8
"e:\Projects\sittracker\Frontend\src\store\modules\estimates\actions.js", "JavaScript", 35, 0, 0, 0, 3, 38
"e:\Projects\sittracker\Frontend\src\store\modules\estimates\getters.js", "JavaScript", 11, 0, 0, 0, 1, 12
"e:\Projects\sittracker\Frontend\src\store\modules\estimates\index.js", "JavaScript", 25, 0, 0, 0, 2, 27
"e:\Projects\sittracker\Frontend\src\store\modules\estimates\mutations.js", "JavaScript", 32, 0, 0, 1, 3, 36
"e:\Projects\sittracker\Frontend\src\store\modules\items\actions.js", "JavaScript", 36, 0, 0, 3, 7, 46
"e:\Projects\sittracker\Frontend\src\store\modules\items\getters.js", "JavaScript", 11, 0, 0, 0, 1, 12
"e:\Projects\sittracker\Frontend\src\store\modules\items\index.js", "JavaScript", 22, 0, 0, 0, 2, 24
"e:\Projects\sittracker\Frontend\src\store\modules\items\mutations.js", "JavaScript", 14, 0, 0, 0, 2, 16
"e:\Projects\sittracker\Frontend\src\store\modules\misc\actions.js", "JavaScript", 11, 0, 0, 0, 2, 13
"e:\Projects\sittracker\Frontend\src\store\modules\misc\getters.js", "JavaScript", 8, 0, 0, 0, 1, 9
"e:\Projects\sittracker\Frontend\src\store\modules\misc\index.js", "JavaScript", 19, 0, 0, 0, 2, 21
"e:\Projects\sittracker\Frontend\src\store\modules\misc\mutations.js", "JavaScript", 9, 0, 0, 0, 2, 11
"e:\Projects\sittracker\Frontend\src\store\modules\profile\actions.js", "JavaScript", 22, 0, 0, 0, 4, 26
"e:\Projects\sittracker\Frontend\src\store\modules\profile\getters.js", "JavaScript", 11, 0, 0, 0, 1, 12
"e:\Projects\sittracker\Frontend\src\store\modules\profile\index.js", "JavaScript", 16, 0, 0, 0, 2, 18
"e:\Projects\sittracker\Frontend\src\store\modules\profile\mutations.js", "JavaScript", 8, 0, 0, 0, 2, 10
"e:\Projects\sittracker\Frontend\src\store\mutation-types.js", "JavaScript", 18, 0, 0, 0, 1, 19
"e:\Projects\sittracker\Frontend\src\styles\basics\_base.scss", "SCSS", 0, 1, 0, 0, 0, 1
"e:\Projects\sittracker\Frontend\src\styles\basics\_transitions.scss", "SCSS", 0, 18, 0, 6, 4, 28
"e:\Projects\sittracker\Frontend\src\styles\components\_base.scss", "SCSS", 0, 46, 0, 0, 9, 55
"e:\Projects\sittracker\Frontend\src\styles\components\_pace.scss", "SCSS", 0, 29, 0, 0, 5, 34
"e:\Projects\sittracker\Frontend\src\styles\global.scss", "SCSS", 0, 14, 0, 0, 3, 17
"e:\Projects\sittracker\Frontend\src\styles\setup\_base.scss", "SCSS", 0, 4, 0, 0, 0, 4
"e:\Projects\sittracker\Frontend\src\styles\setup\_breakpoints.scss", "SCSS", 0, 7, 0, 0, 0, 7
"e:\Projects\sittracker\Frontend\src\styles\setup\_fonts.scss", "SCSS", 0, 2, 0, 0, 1, 3
"e:\Projects\sittracker\Frontend\src\styles\setup\_typography.scss", "SCSS", 0, 3, 0, 0, 0, 3
"e:\Projects\sittracker\Frontend\src\styles\setup\_variables.scss", "SCSS", 0, 7, 0, 0, 1, 8
"e:\Projects\sittracker\Frontend\src\vendor\pace.js", "JavaScript", 338, 0, 0, 1, 14, 353
"e:\Projects\sittracker\Frontend\src\vendor\tiptap-insert-field.js", "JavaScript", 29, 0, 0, 1, 5, 35
"Total", "-", 1371, 131, 4255, 137, 579, 6473